Frequency (Hz),Frequency (rad/sec),Gain (V/V),Gain (dB),Phase (Deg),Phase (Rad),Group Delay (uSec),
0.001,0.006,1,0,180,3.142,225.077,
10,62.832,1,0,179.19,3.127,225.099,
10.116,63.559,1,0,179.18,3.127,225.1,
10.233,64.295,1,0,179.171,3.127,225.1,
10.351,65.04,1,0,179.161,3.127,225.101,
10.471,65.793,1,0,179.152,3.127,225.102,
10.593,66.555,1,0,179.142,3.127,225.102,
10.715,67.326,1,0,179.132,3.126,225.103,
10.839,68.105,1,0,179.122,3.126,225.103,
10.965,68.894,1,0,179.112,3.126,225.104,
11.092,69.692,1,0,179.101,3.126,225.105,
11.22,70.498,1,0,179.091,3.126,225.105,
11.35,71.315,1,0,179.08,3.126,225.106,
11.482,72.141,1,0,179.07,3.125,225.107,
11.614,72.976,1,0,179.059,3.125,225.107,
11.749,73.821,1,0,179.048,3.125,225.108,
11.885,74.676,1,0,179.037,3.125,225.109,
12.023,75.541,1,0,179.026,3.125,225.109,
12.162,76.415,1,0,179.015,3.124,225.11,
12.303,77.3,1,0,179.003,3.124,225.111,
12.445,78.195,1,0,178.992,3.124,225.112,
12.589,79.101,1,0,178.98,3.124,225.113,
12.735,80.017,1,0,178.968,3.124,225.113,
12.882,80.943,1,0,178.956,3.123,225.114,
13.032,81.88,1,0,178.944,3.123,225.115,
13.183,82.829,1,0,178.932,3.123,225.116,
13.335,83.788,1,0,178.919,3.123,225.117,
13.49,84.758,1,0,178.907,3.123,225.118,
13.646,85.739,1,0,178.894,3.122,225.119,
13.804,86.732,1,0,178.881,3.122,225.12,
13.964,87.736,1,0,178.868,3.122,225.121,
14.125,88.752,1,0,178.855,3.122,225.122,
14.289,89.78,1,0,178.842,3.121,225.123,
14.454,90.82,1,0,178.829,3.121,225.124,
14.622,91.871,1,0,178.815,3.121,225.125,
14.791,92.935,1,0,178.801,3.121,225.126,
14.962,94.011,1,0,178.788,3.12,225.127,
15.136,95.1,1,0,178.774,3.12,225.128,
15.311,96.201,1,0,178.759,3.12,225.13,
15.488,97.315,1,0,178.745,3.12,225.131,
15.668,98.442,1,0,178.73,3.119,225.132,
15.849,99.582,1,0,178.716,3.119,225.133,
16.032,100.735,1,0,178.701,3.119,225.135,
16.218,101.901,1,0,178.686,3.119,225.136,
16.406,103.081,1,0,178.671,3.118,225.137,
16.596,104.275,1,0,178.655,3.118,225.139,
16.788,105.482,1,0,178.64,3.118,225.14,
16.982,106.704,1,0,178.624,3.118,225.142,
17.179,107.939,1,0,178.608,3.117,225.143,
17.378,109.189,1,0,178.592,3.117,225.145,
17.579,110.454,1,0,178.575,3.117,225.146,
17.783,111.733,1,0,178.559,3.116,225.148,
17.989,113.026,1,0,178.542,3.116,225.15,
18.197,114.335,1,0,178.525,3.116,225.151,
18.408,115.659,1,0,178.508,3.116,225.153,
18.621,116.998,1,0,178.491,3.115,225.155,
18.836,118.353,1,0,178.474,3.115,225.157,
19.055,119.724,1,0,178.456,3.115,225.159,
19.275,121.11,1,0,178.438,3.114,225.161,
19.498,122.512,1,0,178.42,3.114,225.162,
19.724,123.931,1,0,178.402,3.114,225.164,
19.953,125.366,1,0,178.383,3.113,225.166,
20.184,126.818,1,0,178.364,3.113,225.169,
20.417,128.286,1,0,178.345,3.113,225.171,
20.654,129.772,1,0,178.326,3.112,225.173,
20.893,131.274,1,0,178.307,3.112,225.175,
21.135,132.794,1,0,178.287,3.112,225.177,
21.38,134.332,1,0,178.267,3.111,225.18,
21.627,135.888,1,0,178.247,3.111,225.182,
21.878,137.461,1,0,178.227,3.111,225.185,
22.131,139.053,1,0,178.206,3.11,225.187,
22.387,140.663,1,0,178.186,3.11,225.19,
22.646,142.292,1,0,178.165,3.11,225.192,
22.909,143.939,1,0,178.143,3.109,225.195,
23.174,145.606,1,0,178.122,3.109,225.198,
23.442,147.292,1,0,178.1,3.108,225.201,
23.714,148.998,1,0,178.078,3.108,225.203,
23.988,150.723,1,0,178.056,3.108,225.206,
24.266,152.468,1,0,178.033,3.107,225.209,
24.547,154.234,1,0,178.011,3.107,225.212,
24.831,156.02,1,0,177.988,3.106,225.216,
25.119,157.826,1,0,177.964,3.106,225.219,
25.41,159.654,1,0,177.941,3.106,225.222,
25.704,161.503,1,0,177.917,3.105,225.226,
26.002,163.373,1,0,177.893,3.105,225.229,
26.303,165.265,1,0,177.868,3.104,225.233,
26.607,167.178,1,0,177.844,3.104,225.236,
26.915,169.114,1,0,177.819,3.104,225.24,
27.227,171.072,1,0,177.793,3.103,225.244,
27.542,173.053,1,0,177.768,3.103,225.248,
27.861,175.057,1,0,177.742,3.102,225.252,
28.184,177.084,1,0,177.716,3.102,225.256,
28.51,179.135,1,0,177.689,3.101,225.26,
28.84,181.209,1,0,177.662,3.101,225.264,
29.174,183.307,1,0,177.635,3.1,225.268,
29.512,185.43,1,0,177.608,3.1,225.273,
29.854,187.577,1,0,177.58,3.099,225.277,
30.2,189.749,1,0,177.552,3.099,225.282,
30.549,191.946,1,0,177.524,3.098,225.287,
30.903,194.169,1,0,177.495,3.098,225.292,
31.261,196.417,1,0,177.466,3.097,225.297,
31.623,198.692,1,0,177.437,3.097,225.302,
31.989,200.993,1,0,177.407,3.096,225.307,
32.359,203.32,1,0,177.377,3.096,225.312,
32.734,205.674,1,0,177.347,3.095,225.318,
33.113,208.056,1,0,177.316,3.095,225.323,
33.497,210.465,1,0,177.285,3.094,225.329,
33.884,212.902,1,0,177.253,3.094,225.335,
34.277,215.367,1,0,177.222,3.093,225.341,
34.674,217.861,1,0,177.189,3.093,225.347,
35.075,220.384,1,0,177.157,3.092,225.353,
35.481,222.936,1,0,177.124,3.091,225.36,
35.892,225.517,1,0,177.09,3.091,225.367,
36.308,228.129,1,0,177.057,3.09,225.373,
36.728,230.77,1,0,177.023,3.09,225.38,
37.154,233.442,1,0,176.988,3.089,225.387,
37.584,236.146,1,0,176.953,3.088,225.394,
38.019,238.88,1,0,176.918,3.088,225.402,
38.459,241.646,1,0,176.882,3.087,225.409,
38.905,244.444,1,0,176.846,3.087,225.417,
39.355,247.275,1,0,176.81,3.086,225.425,
39.811,250.138,1,0,176.773,3.085,225.433,
40.272,253.035,1,0,176.735,3.085,225.441,
40.738,255.965,1,0,176.697,3.084,225.45,
41.21,258.929,1,0,176.659,3.083,225.459,
41.687,261.927,1,0,176.62,3.083,225.467,
42.17,264.96,1,0,176.581,3.082,225.476,
42.658,268.028,1,0,176.541,3.081,225.486,
43.152,271.131,1,0,176.501,3.081,225.495,
43.652,274.271,1,0,176.461,3.08,225.505,
44.157,277.447,1,0,176.42,3.079,225.515,
44.668,280.66,1,0,176.378,3.078,225.525,
45.186,283.909,1,0,176.336,3.078,225.536,
45.709,287.197,1,0,176.294,3.077,225.546,
46.238,290.523,1,0,176.251,3.076,225.557,
46.774,293.887,1,0,176.207,3.075,225.568,
47.315,297.29,1,0,176.163,3.075,225.58,
47.863,300.732,1,0,176.119,3.074,225.591,
48.417,304.214,1,0,176.074,3.073,225.603,
48.978,307.737,1,0,176.028,3.072,225.616,
49.545,311.301,1,0,175.982,3.071,225.628,
50.119,314.905,1,0,175.936,3.071,225.641,
50.699,318.552,1,0,175.888,3.07,225.654,
51.286,322.24,1,0,175.841,3.069,225.667,
51.88,325.972,1,0,175.793,3.068,225.681,
52.481,329.746,1,0,175.744,3.067,225.695,
53.088,333.565,1,0,175.694,3.066,225.71,
53.703,337.427,1,0,175.644,3.066,225.724,
54.325,341.334,1,0,175.594,3.065,225.739,
54.954,345.287,1,0,175.543,3.064,225.755,
55.59,349.285,1,0,175.491,3.063,225.77,
56.234,353.329,1,0,175.439,3.062,225.786,
56.885,357.421,1,0,175.386,3.061,225.803,
57.544,361.56,1,0,175.332,3.06,225.82,
58.21,365.746,1,0,175.278,3.059,225.837,
58.884,369.981,1,0,175.223,3.058,225.855,
59.566,374.266,1,0,175.168,3.057,225.873,
60.256,378.599,1,0,175.112,3.056,225.891,
60.954,382.983,1,0,175.055,3.055,225.91,
61.66,387.418,1,0,174.998,3.054,225.929,
62.373,391.904,1,0,174.939,3.053,225.949,
63.096,396.442,1,0,174.881,3.052,225.969,
63.826,401.033,1,0,174.821,3.051,225.99,
64.565,405.677,1,0,174.761,3.05,226.011,
65.313,410.374,1,0,174.7,3.049,226.033,
66.069,415.126,1,0,174.639,3.048,226.055,
66.834,419.933,1,0,174.577,3.047,226.078,
67.608,424.795,1,0,174.514,3.046,226.101,
68.391,429.714,1,0,174.45,3.045,226.125,
69.183,434.69,1,0,174.385,3.044,226.149,
69.984,439.724,1,0,174.32,3.042,226.174,
70.795,444.815,1,0,174.254,3.041,226.199,
71.614,449.966,1,0,174.187,3.04,226.225,
72.444,455.177,1,0,174.12,3.039,226.252,
73.282,460.447,1,0,174.051,3.038,226.279,
74.131,465.779,1,0,173.982,3.037,226.307,
74.989,471.172,1,0,173.912,3.035,226.336,
75.858,476.628,1,0,173.842,3.034,226.365,
76.736,482.147,1,0,173.77,3.033,226.394,
77.625,487.73,1,0,173.698,3.032,226.425,
78.524,493.378,1,0,173.624,3.03,226.456,
79.433,499.091,1,0,173.55,3.029,226.488,
80.353,504.87,1,0,173.475,3.028,226.521,
81.283,510.716,1,0,173.399,3.026,226.554,
82.224,516.63,1,0,173.323,3.025,226.588,
83.176,522.613,1,0,173.245,3.024,226.623,
84.14,528.664,1,0,173.166,3.022,226.659,
85.114,534.786,1,0,173.087,3.021,226.696,
86.099,540.978,1,0,173.006,3.02,226.733,
87.096,547.243,1,0,172.925,3.018,226.771,
88.105,553.579,1,0,172.843,3.017,226.81,
89.125,559.989,1,0,172.759,3.015,226.851,
90.157,566.474,1,0,172.675,3.014,226.891,
91.201,573.033,1,0,172.59,3.012,226.933,
92.257,579.669,1,0,172.504,3.011,226.976,
93.325,586.381,1,0,172.416,3.009,227.02,
94.406,593.171,1,0,172.328,3.008,227.065,
95.499,600.04,1,0,172.239,3.006,227.111,
96.605,606.988,1,0,172.148,3.005,227.158,
97.724,614.016,1,0,172.057,3.003,227.206,
98.855,621.126,1,0,171.964,3.001,227.255,
100,628.319,1,0,171.87,3,227.305,
101.158,635.594,1,0,171.776,2.998,227.356,
102.329,642.954,1,0,171.68,2.996,227.409,
103.514,650.399,1,0,171.583,2.995,227.463,
104.713,657.93,1,-0.001,171.485,2.993,227.518,
105.925,665.549,1,-0.001,171.385,2.991,227.574,
107.152,673.255,1,-0.001,171.285,2.989,227.631,
108.393,681.051,1,-0.001,171.183,2.988,227.69,
109.648,688.938,1,-0.001,171.08,2.986,227.75,
110.917,696.915,1,-0.001,170.976,2.984,227.812,
112.202,704.985,1,-0.001,170.871,2.982,227.874,
113.501,713.148,1,-0.001,170.764,2.98,227.939,
114.815,721.406,1,-0.001,170.656,2.979,228.005,
116.145,729.76,1,-0.001,170.547,2.977,228.072,
117.49,738.21,1,-0.001,170.437,2.975,228.14,
118.85,746.758,1,-0.001,170.325,2.973,228.211,
120.226,755.405,1,-0.001,170.212,2.971,228.283,
121.619,764.152,1,-0.001,170.097,2.969,228.356,
123.027,773.001,1,-0.001,169.982,2.967,228.431,
124.451,781.952,1,-0.001,169.864,2.965,228.508,
125.893,791.006,1,-0.001,169.746,2.963,228.587,
127.35,800.166,1,-0.001,169.626,2.961,228.667,
128.825,809.431,1,-0.001,169.504,2.958,228.749,
130.317,818.804,1,-0.001,169.382,2.956,228.833,
131.826,828.285,1,-0.001,169.257,2.954,228.919,
133.352,837.876,1,-0.001,169.131,2.952,229.007,
134.896,847.578,1,-0.001,169.004,2.95,229.097,
136.458,857.393,1,-0.002,168.875,2.947,229.189,
138.038,867.321,1,-0.002,168.745,2.945,229.283,
139.637,877.364,1,-0.002,168.613,2.943,229.379,
141.254,887.524,1,-0.002,168.479,2.941,229.477,
142.889,897.801,1,-0.002,168.344,2.938,229.577,
144.544,908.197,1,-0.002,168.207,2.936,229.679,
146.218,918.713,1,-0.002,168.069,2.933,229.784,
147.911,929.351,1,-0.002,167.929,2.931,229.891,
149.624,940.113,1,-0.002,167.787,2.928,230.001,
151.356,950.999,1,-0.002,167.644,2.926,230.113,
153.109,962.011,1,-0.002,167.498,2.923,230.227,
154.882,973.15,1,-0.002,167.351,2.921,230.344,
156.675,984.419,1,-0.003,167.203,2.918,230.463,
158.489,995.818,1,-0.003,167.052,2.916,230.585,
160.325,1007.349,1,-0.003,166.9,2.913,230.71,
162.181,1019.013,1,-0.003,166.745,2.91,230.838,
164.059,1030.813,1,-0.003,166.589,2.908,230.968,
165.959,1042.749,1,-0.003,166.431,2.905,231.101,
167.88,1054.824,1,-0.003,166.271,2.902,231.237,
169.824,1067.038,1,-0.004,166.11,2.899,231.376,
171.791,1079.394,1,-0.004,165.946,2.896,231.518,
173.78,1091.892,1,-0.004,165.78,2.893,231.663,
175.792,1104.536,1,-0.004,165.612,2.89,231.811,
177.828,1117.326,1,-0.004,165.442,2.888,231.963,
179.887,1130.264,0.999,-0.005,165.27,2.885,232.117,
181.97,1143.352,0.999,-0.005,165.096,2.881,232.276,
184.077,1156.591,0.999,-0.005,164.92,2.878,232.437,
186.209,1169.984,0.999,-0.005,164.741,2.875,232.602,
188.365,1183.532,0.999,-0.005,164.561,2.872,232.77,
190.546,1197.236,0.999,-0.006,164.378,2.869,232.942,
192.752,1211.1,0.999,-0.006,164.193,2.866,233.118,
194.984,1225.123,0.999,-0.006,164.005,2.862,233.297,
197.242,1239.31,0.999,-0.007,163.816,2.859,233.48,
199.526,1253.66,0.999,-0.007,163.624,2.856,233.667,
201.837,1268.177,0.999,-0.007,163.429,2.852,233.858,
204.174,1282.862,0.999,-0.008,163.232,2.849,234.053,
206.538,1297.717,0.999,-0.008,163.033,2.845,234.252,
208.93,1312.743,0.999,-0.008,162.831,2.842,234.456,
211.349,1327.944,0.999,-0.009,162.627,2.838,234.663,
213.796,1343.321,0.999,-0.009,162.42,2.835,234.875,
216.272,1358.876,0.999,-0.009,162.211,2.831,235.091,
218.776,1374.611,0.999,-0.01,161.999,2.827,235.311,
221.309,1390.528,0.999,-0.01,161.784,2.824,235.536,
223.872,1406.63,0.999,-0.011,161.567,2.82,235.766,
226.464,1422.918,0.999,-0.011,161.346,2.816,236,
229.087,1439.395,0.999,-0.012,161.123,2.812,236.239,
231.739,1456.062,0.999,-0.012,160.898,2.808,236.483,
234.423,1472.922,0.998,-0.013,160.669,2.804,236.731,
237.137,1489.978,0.998,-0.014,160.438,2.8,236.985,
239.883,1507.231,0.998,-0.014,160.203,2.796,237.244,
242.661,1524.684,0.998,-0.015,159.966,2.792,237.507,
245.471,1542.339,0.998,-0.016,159.726,2.788,237.776,
248.313,1560.199,0.998,-0.016,159.482,2.783,238.051,
251.189,1578.265,0.998,-0.017,159.236,2.779,238.33,
254.097,1596.54,0.998,-0.018,158.986,2.775,238.615,
257.04,1615.027,0.998,-0.019,158.733,2.77,238.905,
260.016,1633.728,0.998,-0.02,158.477,2.766,239.201,
263.027,1652.646,0.998,-0.021,158.217,2.761,239.503,
266.073,1671.783,0.998,-0.022,157.955,2.757,239.81,
269.153,1691.141,0.997,-0.023,157.688,2.752,240.123,
272.27,1710.724,0.997,-0.024,157.419,2.747,240.441,
275.423,1730.533,0.997,-0.025,157.146,2.743,240.766,
278.612,1750.572,0.997,-0.026,156.869,2.738,241.096,
281.838,1770.842,0.997,-0.027,156.589,2.733,241.433,
285.102,1791.348,0.997,-0.029,156.305,2.728,241.775,
288.403,1812.09,0.997,-0.03,156.018,2.723,242.124,
291.743,1833.073,0.996,-0.031,155.726,2.718,242.478,
295.121,1854.299,0.996,-0.033,155.431,2.713,242.839,
298.538,1875.771,0.996,-0.034,155.132,2.708,243.206,
301.995,1897.492,0.996,-0.036,154.829,2.702,243.579,
305.492,1919.464,0.996,-0.038,154.522,2.697,243.958,
309.03,1941.69,0.995,-0.039,154.211,2.691,244.344,
312.608,1964.174,0.995,-0.041,153.896,2.686,244.736,
316.228,1986.918,0.995,-0.043,153.577,2.68,245.134,
319.89,2009.925,0.995,-0.045,153.254,2.675,245.539,
323.594,2033.199,0.995,-0.047,152.926,2.669,245.95,
327.341,2056.742,0.994,-0.05,152.594,2.663,246.367,
331.131,2080.558,0.994,-0.052,152.258,2.657,246.79,
334.965,2104.65,0.994,-0.054,151.917,2.651,247.22,
338.844,2129.021,0.993,-0.057,151.571,2.645,247.656,
342.768,2153.674,0.993,-0.06,151.221,2.639,248.098,
346.737,2178.612,0.993,-0.062,150.866,2.633,248.546,
350.752,2203.839,0.993,-0.065,150.507,2.627,249,
354.813,2229.358,0.992,-0.068,150.142,2.62,249.46,
358.922,2255.173,0.992,-0.071,149.773,2.614,249.926,
363.078,2281.287,0.991,-0.075,149.399,2.607,250.398,
367.282,2307.703,0.991,-0.078,149.019,2.601,250.875,
371.535,2334.425,0.991,-0.082,148.635,2.594,251.358,
375.837,2361.456,0.99,-0.086,148.245,2.587,251.846,
380.189,2388.8,0.99,-0.09,147.85,2.58,252.34,
384.592,2416.461,0.989,-0.094,147.45,2.573,252.838,
389.045,2444.443,0.989,-0.098,147.044,2.566,253.341,
393.55,2472.748,0.988,-0.103,146.633,2.559,253.849,
398.107,2501.381,0.988,-0.108,146.216,2.552,254.361,
402.717,2530.346,0.987,-0.113,145.793,2.545,254.878,
407.38,2559.646,0.987,-0.118,145.365,2.537,255.398,
412.098,2589.285,0.986,-0.123,144.931,2.53,255.921,
416.869,2619.268,0.985,-0.129,144.491,2.522,256.448,
421.697,2649.597,0.985,-0.135,144.045,2.514,256.977,
426.58,2680.278,0.984,-0.141,143.593,2.506,257.509,
431.519,2711.314,0.983,-0.148,143.134,2.498,258.043,
436.516,2742.71,0.982,-0.155,142.669,2.49,258.578,
441.57,2774.469,0.982,-0.162,142.198,2.482,259.114,
446.684,2806.596,0.981,-0.17,141.721,2.473,259.651,
451.856,2839.095,0.98,-0.177,141.237,2.465,260.187,
457.088,2871.97,0.979,-0.186,140.746,2.456,260.723,
462.381,2905.226,0.978,-0.194,140.249,2.448,261.258,
467.735,2938.867,0.977,-0.203,139.745,2.439,261.791,
473.151,2972.897,0.976,-0.212,139.234,2.43,262.32,
478.63,3007.322,0.975,-0.222,138.716,2.421,262.847,
484.172,3042.145,0.974,-0.232,138.191,2.412,263.369,
489.779,3077.371,0.972,-0.243,137.659,2.403,263.886,
495.45,3113.005,0.971,-0.254,137.12,2.393,264.398,
501.187,3149.052,0.97,-0.266,136.573,2.384,264.902,
506.991,3185.517,0.969,-0.278,136.019,2.374,265.399,
512.861,3222.403,0.967,-0.29,135.458,2.364,265.886,
518.8,3259.717,0.966,-0.304,134.889,2.354,266.364,
524.807,3297.463,0.964,-0.318,134.312,2.344,266.83,
530.884,3335.645,0.963,-0.332,133.728,2.334,267.284,
537.032,3374.27,0.961,-0.347,133.136,2.324,267.724,
543.25,3413.343,0.959,-0.363,132.536,2.313,268.15,
549.541,3452.867,0.957,-0.379,131.929,2.303,268.559,
555.904,3492.849,0.955,-0.396,131.313,2.292,268.951,
562.341,3533.295,0.953,-0.414,130.689,2.281,269.323,
568.853,3574.208,0.951,-0.432,130.057,2.27,269.675,
575.44,3615.596,0.949,-0.452,129.418,2.259,270.005,
582.103,3657.462,0.947,-0.472,128.769,2.247,270.311,
588.844,3699.814,0.945,-0.493,128.113,2.236,270.591,
595.662,3742.656,0.942,-0.515,127.449,2.224,270.844,
602.56,3785.994,0.94,-0.538,126.776,2.213,271.068,
609.537,3829.833,0.937,-0.562,126.095,2.201,271.26,
616.595,3874.181,0.935,-0.586,125.405,2.189,271.421,
623.735,3919.042,0.932,-0.612,124.707,2.177,271.546,
630.957,3964.422,0.929,-0.639,124.001,2.164,271.635,
638.263,4010.328,0.926,-0.667,123.287,2.152,271.685,
645.654,4056.765,0.923,-0.696,122.564,2.139,271.694,
653.131,4103.74,0.92,-0.726,121.833,2.126,271.66,
660.693,4151.259,0.916,-0.757,121.093,2.113,271.582,
668.344,4199.329,0.913,-0.79,120.345,2.1,271.457,
676.083,4247.955,0.909,-0.824,119.589,2.087,271.283,
683.912,4297.144,0.906,-0.859,118.825,2.074,271.057,
691.831,4346.902,0.902,-0.896,118.053,2.06,270.779,
699.842,4397.237,0.898,-0.934,117.272,2.047,270.445,
707.946,4448.155,0.894,-0.973,116.484,2.033,270.053,
716.143,4499.662,0.89,-1.014,115.687,2.019,269.603,
724.436,4551.765,0.885,-1.056,114.883,2.005,269.091,
732.825,4604.472,0.881,-1.1,114.072,1.991,268.515,
741.31,4657.79,0.876,-1.146,113.252,1.977,267.875,
749.894,4711.724,0.872,-1.193,112.425,1.962,267.167,
758.578,4766.283,0.867,-1.242,111.592,1.948,266.391,
767.361,4821.474,0.862,-1.293,110.75,1.933,265.544,
776.247,4877.304,0.857,-1.345,109.902,1.918,264.626,
785.236,4933.781,0.851,-1.399,109.048,1.903,263.634,
794.328,4990.911,0.846,-1.455,108.187,1.888,262.567,
803.526,5048.704,0.84,-1.513,107.319,1.873,261.425,
812.831,5107.165,0.834,-1.573,106.445,1.858,260.206,
822.243,5166.303,0.828,-1.635,105.566,1.842,258.91,
831.764,5226.126,0.822,-1.699,104.681,1.827,257.535,
841.395,5286.642,0.816,-1.764,103.79,1.811,256.081,
851.138,5347.858,0.81,-1.832,102.895,1.796,254.549,
860.994,5409.783,0.803,-1.902,101.994,1.78,252.937,
870.964,5472.426,0.797,-1.974,101.09,1.764,251.246,
881.049,5535.793,0.79,-2.048,100.181,1.748,249.476,
891.251,5599.895,0.783,-2.124,99.268,1.733,247.627,
901.571,5664.739,0.776,-2.203,98.351,1.717,245.701,
912.011,5730.333,0.769,-2.283,97.432,1.701,243.698,
922.571,5796.687,0.762,-2.366,96.509,1.684,241.619,
933.254,5863.81,0.754,-2.452,95.584,1.668,239.466,
944.061,5931.709,0.747,-2.539,94.657,1.652,237.239,
954.993,6000.395,0.739,-2.629,93.728,1.636,234.942,
966.051,6069.877,0.731,-2.721,92.797,1.62,232.575,
977.237,6140.163,0.723,-2.815,91.865,1.603,230.141,
988.553,6211.262,0.715,-2.911,90.933,1.587,227.642,
1000,6283.185,0.707,-3.01,90,1.571,225.081,
1011.579,6355.941,0.699,-3.111,89.067,1.555,222.461,
1023.293,6429.539,0.691,-3.215,88.135,1.538,219.783,
1035.142,6503.99,0.682,-3.321,87.203,1.522,217.052,
1047.129,6579.303,0.674,-3.429,86.272,1.506,214.269,
1059.254,6655.487,0.665,-3.539,85.343,1.49,211.44,
1071.519,6732.554,0.657,-3.652,84.416,1.473,208.566,
1083.927,6810.514,0.648,-3.766,83.491,1.457,205.651,
1096.478,6889.376,0.639,-3.883,82.568,1.441,202.699,
1109.175,6969.151,0.631,-4.003,81.649,1.425,199.713,
1122.018,7049.85,0.622,-4.124,80.732,1.409,196.697,
1135.011,7131.483,0.613,-4.248,79.819,1.393,193.655,
1148.154,7214.062,0.604,-4.374,78.91,1.377,190.589,
1161.449,7297.597,0.596,-4.502,78.006,1.361,187.505,
1174.898,7382.099,0.587,-4.632,77.105,1.346,184.404,
1188.502,7467.58,0.578,-4.764,76.21,1.33,181.292,
1202.264,7554.05,0.569,-4.899,75.319,1.315,178.171,
1216.186,7641.522,0.56,-5.035,74.434,1.299,175.044,
1230.269,7730.007,0.551,-5.173,73.555,1.284,171.917,
1244.515,7819.516,0.542,-5.313,72.681,1.269,168.79,
1258.925,7910.062,0.534,-5.455,71.813,1.253,165.669,
1273.503,8001.656,0.525,-5.599,70.952,1.238,162.555,
1288.25,8094.311,0.516,-5.745,70.098,1.223,159.453,
1303.167,8188.038,0.507,-5.893,69.25,1.209,156.364,
1318.257,8282.851,0.499,-6.042,68.408,1.194,153.292,
1333.521,8378.762,0.49,-6.193,67.575,1.179,150.239,
1348.963,8475.784,0.482,-6.346,66.748,1.165,147.208,
1364.583,8573.929,0.473,-6.5,65.928,1.151,144.201,
1380.384,8673.21,0.465,-6.656,65.117,1.137,141.221,
1396.368,8773.641,0.456,-6.814,64.313,1.122,138.269,
1412.538,8875.235,0.448,-6.973,63.516,1.109,135.347,
1428.894,8978.006,0.44,-7.134,62.728,1.095,132.458,
1445.44,9081.966,0.432,-7.296,61.947,1.081,129.603,
1462.177,9187.13,0.424,-7.459,61.175,1.068,126.783,
1479.108,9293.512,0.416,-7.624,60.411,1.054,124,
1496.236,9401.126,0.408,-7.79,59.655,1.041,121.255,
1513.561,9509.986,0.4,-7.957,58.907,1.028,118.55,
1531.087,9620.106,0.392,-8.126,58.167,1.015,115.885,
1548.817,9731.502,0.385,-8.296,57.436,1.002,113.261,
1566.751,9844.187,0.377,-8.467,56.713,0.99,110.679,
1584.893,9958.178,0.37,-8.639,55.999,0.977,108.14,
1603.245,10073.488,0.363,-8.812,55.293,0.965,105.644,
1621.81,10190.133,0.355,-8.986,54.595,0.953,103.191,
1640.59,10308.13,0.348,-9.162,53.905,0.941,100.783,
1659.587,10427.492,0.341,-9.338,53.224,0.929,98.419,
1678.804,10548.237,0.334,-9.515,52.551,0.917,96.099,
1698.244,10670.38,0.328,-9.693,51.887,0.906,93.824,
1717.908,10793.937,0.321,-9.872,51.231,0.894,91.593,
1737.801,10918.925,0.314,-10.052,50.582,0.883,89.407,
1757.924,11045.36,0.308,-10.232,49.943,0.872,87.265,
1778.279,11173.259,0.302,-10.414,49.311,0.861,85.168,
1798.871,11302.639,0.295,-10.596,48.687,0.85,83.114,
1819.701,11433.518,0.289,-10.779,48.071,0.839,81.104,
1840.772,11565.912,0.283,-10.963,47.464,0.828,79.137,
1862.087,11699.839,0.277,-11.147,46.864,0.818,77.213,
1883.649,11835.316,0.271,-11.332,46.272,0.808,75.331,
1905.461,11972.363,0.266,-11.518,45.688,0.797,73.491,
1927.525,12110.996,0.26,-11.704,45.111,0.787,71.693,
1949.845,12251.235,0.254,-11.89,44.542,0.777,69.935,
1972.423,12393.098,0.249,-12.078,43.981,0.768,68.218,
1995.262,12536.603,0.244,-12.266,43.427,0.758,66.54,
2018.366,12681.77,0.238,-12.454,42.88,0.748,64.902,
2041.738,12828.618,0.233,-12.643,42.341,0.739,63.302,
2065.38,12977.166,0.228,-12.832,41.809,0.73,61.74,
2089.296,13127.435,0.223,-13.022,41.284,0.721,60.215,
2113.489,13279.443,0.218,-13.212,40.766,0.711,58.726,
2137.962,13433.212,0.214,-13.403,40.255,0.703,57.274,
2162.719,13588.761,0.209,-13.594,39.751,0.694,55.856,
2187.762,13746.112,0.205,-13.786,39.254,0.685,54.473,
2213.095,13905.284,0.2,-13.977,38.763,0.677,53.123,
2238.721,14066.3,0.196,-14.17,38.279,0.668,51.807,
2264.644,14229.18,0.191,-14.362,37.802,0.66,50.523,
2290.868,14393.946,0.187,-14.555,37.331,0.652,49.271,
2317.395,14560.62,0.183,-14.748,36.866,0.643,48.05,
2344.229,14729.224,0.179,-14.941,36.407,0.635,46.859,
2371.374,14899.78,0.175,-15.135,35.955,0.628,45.698,
2398.833,15072.312,0.171,-15.329,35.509,0.62,44.566,
2426.61,15246.841,0.167,-15.523,35.069,0.612,43.462,
2454.709,15423.391,0.164,-15.718,34.635,0.604,42.385,
2483.133,15601.985,0.16,-15.913,34.207,0.597,41.336,
2511.886,15782.648,0.157,-16.108,33.784,0.59,40.314,
2540.973,15965.402,0.153,-16.303,33.367,0.582,39.317,
2570.396,16150.273,0.15,-16.498,32.956,0.575,38.345,
2600.16,16337.284,0.146,-16.694,32.55,0.568,37.398,
2630.268,16526.461,0.143,-16.89,32.15,0.561,36.474,
2660.725,16717.829,0.14,-17.086,31.755,0.554,35.574,
2691.535,16911.412,0.137,-17.282,31.365,0.547,34.697,
2722.701,17107.237,0.134,-17.478,30.981,0.541,33.842,
2754.229,17305.329,0.131,-17.675,30.601,0.534,33.009,
2786.121,17505.716,0.128,-17.871,30.227,0.528,32.197,
2818.383,17708.422,0.125,-18.068,29.858,0.521,31.405,
2851.018,17913.476,0.122,-18.265,29.493,0.515,30.634,
2884.032,18120.904,0.119,-18.462,29.134,0.508,29.882,
2917.427,18330.735,0.117,-18.66,28.779,0.502,29.149,
2951.209,18542.994,0.114,-18.857,28.429,0.496,28.435,
2985.383,18757.712,0.112,-19.054,28.083,0.49,27.739,
3019.952,18974.916,0.109,-19.252,27.742,0.484,27.06,
3054.921,19194.635,0.107,-19.45,27.406,0.478,26.399,
3090.295,19416.899,0.104,-19.647,27.074,0.473,25.754,
3126.079,19641.736,0.102,-19.845,26.746,0.467,25.126,
3162.278,19869.177,0.1,-20.043,26.423,0.461,24.513,
3198.895,20099.251,0.097,-20.241,26.104,0.456,23.917,
3235.937,20331.989,0.095,-20.439,25.789,0.45,23.335,
3273.407,20567.422,0.093,-20.638,25.478,0.445,22.768,
3311.311,20805.582,0.091,-20.836,25.171,0.439,22.215,
3349.654,21046.499,0.089,-21.034,24.868,0.434,21.676,
3388.442,21290.206,0.087,-21.233,24.569,0.429,21.15,
3427.678,21536.735,0.085,-21.431,24.274,0.424,20.638,
3467.369,21786.119,0.083,-21.63,23.982,0.419,20.139,
3507.519,22038.39,0.081,-21.829,23.695,0.414,19.652,
3548.134,22293.583,0.079,-22.027,23.411,0.409,19.178,
3589.219,22551.73,0.077,-22.226,23.131,0.404,18.715,
3630.781,22812.867,0.076,-22.425,22.854,0.399,18.264,
3672.823,23077.028,0.074,-22.624,22.581,0.394,17.824,
3715.352,23344.247,0.072,-22.823,22.312,0.389,17.395,
3758.374,23614.561,0.071,-23.022,22.045,0.385,16.977,
3801.894,23888.004,0.069,-23.221,21.783,0.38,16.57,
3845.918,24164.614,0.067,-23.42,21.523,0.376,16.172,
3890.451,24444.427,0.066,-23.619,21.267,0.371,15.784,
3935.501,24727.481,0.064,-23.818,21.014,0.367,15.406,
3981.072,25013.811,0.063,-24.017,20.764,0.362,15.038,
4027.17,25303.458,0.062,-24.216,20.518,0.358,14.678,
4073.803,25596.458,0.06,-24.416,20.274,0.354,14.327,
4120.975,25892.851,0.059,-24.615,20.034,0.35,13.985,
4168.694,26192.676,0.057,-24.814,19.797,0.346,13.652,
4216.965,26495.973,0.056,-25.014,19.562,0.341,13.327,
4265.795,26802.782,0.055,-25.213,19.331,0.337,13.009,
4315.191,27113.143,0.054,-25.412,19.102,0.333,12.7,
4365.158,27427.099,0.052,-25.612,18.877,0.329,12.398,
4415.704,27744.689,0.051,-25.811,18.654,0.326,12.104,
4466.836,28065.958,0.05,-26.011,18.433,0.322,11.816,
4518.559,28390.946,0.049,-26.21,18.216,0.318,11.536,
4570.882,28719.698,0.048,-26.41,18.001,0.314,11.263,
4623.81,29052.256,0.047,-26.609,17.789,0.31,10.996,
4677.351,29388.666,0.046,-26.809,17.58,0.307,10.736,
4731.513,29728.97,0.045,-27.009,17.373,0.303,10.482,
4786.301,30073.216,0.044,-27.208,17.169,0.3,10.234,
4841.724,30421.447,0.043,-27.408,16.967,0.296,9.993,
4897.788,30773.711,0.042,-27.608,16.768,0.293,9.757,
4954.502,31130.054,0.041,-27.807,16.571,0.289,9.527,
5011.872,31490.523,0.04,-28.007,16.376,0.286,9.302,
5069.907,31855.166,0.039,-28.207,16.184,0.282,9.083,
5128.614,32224.031,0.038,-28.406,15.995,0.279,8.87,
5188,32597.168,0.037,-28.606,15.807,0.276,8.661,
5248.075,32974.625,0.036,-28.806,15.622,0.273,8.458,
5308.844,33356.453,0.035,-29.005,15.439,0.269,8.259,
5370.318,33742.703,0.035,-29.205,15.259,0.266,8.065,
5432.503,34133.425,0.034,-29.405,15.08,0.263,7.876,
5495.409,34528.671,0.033,-29.605,14.904,0.26,7.691,
5559.043,34928.495,0.032,-29.805,14.73,0.257,7.511,
5623.413,35332.948,0.032,-30.004,14.558,0.254,7.335,
5688.529,35742.084,0.031,-30.204,14.388,0.251,7.164,
5754.399,36155.958,0.03,-30.404,14.22,0.248,6.996,
5821.032,36574.624,0.029,-30.604,14.054,0.245,6.833,
5888.437,36998.138,0.029,-30.804,13.89,0.242,6.673,
5956.621,37426.556,0.028,-31.003,13.729,0.24,6.517,
6025.596,37859.935,0.028,-31.203,13.569,0.237,6.365,
6095.369,38298.333,0.027,-31.403,13.411,0.234,6.217,
6165.95,38741.807,0.026,-31.603,13.255,0.231,6.072,
6237.348,39190.416,0.026,-31.803,13.1,0.229,5.93,
6309.573,39644.219,0.025,-32.003,12.948,0.226,5.792,
6382.635,40103.278,0.025,-32.203,12.797,0.223,5.657,
6456.542,40567.652,0.024,-32.402,12.649,0.221,5.526,
6531.306,41037.403,0.023,-32.602,12.502,0.218,5.397,
6606.934,41512.594,0.023,-32.802,12.356,0.216,5.272,
6683.439,41993.287,0.022,-33.002,12.213,0.213,5.149,
6760.83,42479.546,0.022,-33.202,12.071,0.211,5.029,
6839.116,42971.436,0.021,-33.402,11.931,0.208,4.913,
6918.31,43469.022,0.021,-33.602,11.793,0.206,4.799,
6998.42,43972.369,0.02,-33.802,11.656,0.203,4.687,
7079.458,44481.546,0.02,-34.002,11.521,0.201,4.579,
7161.434,44996.618,0.019,-34.202,11.387,0.199,4.473,
7244.36,45517.654,0.019,-34.402,11.255,0.196,4.369,
7328.245,46044.723,0.019,-34.602,11.125,0.194,4.268,
7413.102,46577.896,0.018,-34.801,10.996,0.192,4.169,
7498.942,47117.243,0.018,-35.001,10.869,0.19,4.072,
7585.776,47662.835,0.017,-35.201,10.743,0.187,3.978,
7673.615,48214.744,0.017,-35.401,10.618,0.185,3.886,
7762.471,48773.045,0.017,-35.601,10.496,0.183,3.796,
7852.356,49337.81,0.016,-35.801,10.374,0.181,3.709,
7943.282,49909.115,0.016,-36.001,10.254,0.179,3.623,
8035.261,50487.035,0.015,-36.201,10.136,0.177,3.539,
8128.305,51071.648,0.015,-36.401,10.018,0.175,3.457,
8222.426,51663.029,0.015,-36.601,9.903,0.173,3.378,
8317.638,52261.259,0.014,-36.801,9.788,0.171,3.3,
8413.951,52866.416,0.014,-37.001,9.675,0.169,3.224,
8511.38,53478.58,0.014,-37.201,9.563,0.167,3.149,
8609.938,54097.833,0.013,-37.401,9.453,0.165,3.077,
8709.636,54724.256,0.013,-37.601,9.344,0.163,3.006,
8810.489,55357.933,0.013,-37.801,9.236,0.161,2.936,
8912.509,55998.948,0.013,-38.001,9.129,0.159,2.869,
9015.711,56647.385,0.012,-38.201,9.024,0.157,2.803,
9120.108,57303.331,0.012,-38.401,8.92,0.156,2.738,
9225.714,57966.872,0.012,-38.601,8.817,0.154,2.675,
9332.543,58638.097,0.011,-38.801,8.715,0.152,2.614,
9440.609,59317.094,0.011,-39.001,8.615,0.15,2.553,
9549.926,60003.954,0.011,-39.201,8.515,0.149,2.495,
9660.509,60698.767,0.011,-39.4,8.417,0.147,2.437,
9772.372,61401.625,0.01,-39.6,8.32,0.145,2.381,
9885.531,62112.623,0.01,-39.8,8.224,0.144,2.327,
10000,62831.853,0.01,-40,8.13,0.142,2.273,
10115.795,63559.412,0.01,-40.2,8.036,0.14,2.221,
10232.93,64295.395,0.01,-40.4,7.943,0.139,2.17,
10351.422,65039.901,0.009,-40.6,7.852,0.137,2.12,
10471.285,65793.027,0.009,-40.8,7.761,0.135,2.071,
10592.537,66554.874,0.009,-41,7.672,0.134,2.024,
10715.193,67325.544,0.009,-41.2,7.584,0.132,1.977,
10839.269,68105.137,0.009,-41.4,7.496,0.131,1.932,
10964.782,68893.757,0.008,-41.6,7.41,0.129,1.888,
11091.748,69691.509,0.008,-41.8,7.325,0.128,1.844,
11220.185,70498.499,0.008,-42,7.241,0.126,1.802,
11350.108,71314.833,0.008,-42.2,7.157,0.125,1.761,
11481.536,72140.62,0.008,-42.4,7.075,0.123,1.72,
11614.486,72975.969,0.007,-42.6,6.994,0.122,1.681,
11748.976,73820.991,0.007,-42.8,6.913,0.121,1.642,
11885.022,74675.797,0.007,-43,6.834,0.119,1.605,
12022.644,75540.502,0.007,-43.2,6.755,0.118,1.568,
12161.86,76415.22,0.007,-43.4,6.677,0.117,1.532,
12302.688,77300.067,0.007,-43.6,6.601,0.115,1.497,
12445.146,78195.159,0.006,-43.8,6.525,0.114,1.463,
12589.254,79100.617,0.006,-44,6.45,0.113,1.429,
12735.031,80016.558,0.006,-44.2,6.376,0.111,1.396,
12882.496,80943.107,0.006,-44.4,6.302,0.11,1.364,
13031.668,81880.384,0.006,-44.6,6.23,0.109,1.333,
13182.567,82828.514,0.006,-44.8,6.158,0.107,1.303,
13335.214,83787.623,0.006,-45,6.088,0.106,1.273,
13489.629,84757.838,0.005,-45.2,6.018,0.105,1.244,
13645.831,85739.287,0.005,-45.4,5.949,0.104,1.215,
13803.843,86732.101,0.005,-45.6,5.88,0.103,1.187,
13963.684,87736.412,0.005,-45.8,5.813,0.101,1.16,
14125.375,88752.351,0.005,-46,5.746,0.1,1.134,
14288.94,89780.055,0.005,-46.2,5.68,0.099,1.108,
14454.398,90819.659,0.005,-46.4,5.615,0.098,1.082,
14621.772,91871.301,0.005,-46.6,5.55,0.097,1.058,
14791.084,92935.121,0.005,-46.8,5.486,0.096,1.033,
14962.357,94011.259,0.004,-47,5.423,0.095,1.01,
15135.612,95099.858,0.004,-47.2,5.361,0.094,0.987,
15310.875,96201.062,0.004,-47.4,5.3,0.092,0.964,
15488.166,97315.018,0.004,-47.6,5.239,0.091,0.942,
15667.511,98441.873,0.004,-47.8,5.179,0.09,0.921,
15848.932,99581.776,0.004,-48,5.119,0.089,0.9,
16032.454,100734.879,0.004,-48.2,5.061,0.088,0.879,
16218.101,101901.334,0.004,-48.4,5.002,0.087,0.859,
16405.898,103081.296,0.004,-48.6,4.945,0.086,0.839,
16595.869,104274.921,0.004,-48.8,4.888,0.085,0.82,
16788.04,105482.367,0.004,-49,4.832,0.084,0.801,
16982.437,106703.796,0.003,-49.2,4.777,0.083,0.783,
17179.084,107939.367,0.003,-49.4,4.722,0.082,0.765,
17378.008,109189.246,0.003,-49.6,4.668,0.081,0.748,
17579.236,110453.598,0.003,-49.8,4.614,0.081,0.731,
17782.794,111732.591,0.003,-50,4.561,0.08,0.714,
17988.709,113026.393,0.003,-50.2,4.509,0.079,0.698,
18197.009,114335.177,0.003,-50.4,4.457,0.078,0.682,
18407.72,115659.116,0.003,-50.6,4.406,0.077,0.666,
18620.871,116998.385,0.003,-50.8,4.356,0.076,0.651,
18836.491,118353.163,0.003,-51,4.306,0.075,0.636,
19054.607,119723.628,0.003,-51.2,4.256,0.074,0.622,
19275.249,121109.962,0.003,-51.4,4.207,0.073,0.607,
19498.446,122512.349,0.003,-51.6,4.159,0.073,0.594,
19724.227,123930.976,0.003,-51.8,4.112,0.072,0.58,
19952.623,125366.029,0.003,-52,4.064,0.071,0.567,
20183.664,126817.699,0.002,-52.2,4.018,0.07,0.554,
20417.379,128286.179,0.002,-52.4,3.972,0.069,0.541,
20653.802,129771.662,0.002,-52.6,3.926,0.069,0.529,
20892.961,131274.348,0.002,-52.8,3.881,0.068,0.517,
21134.89,132794.433,0.002,-53,3.837,0.067,0.505,
21379.621,134332.12,0.002,-53.2,3.793,0.066,0.493,
21627.185,135887.613,0.002,-53.4,3.749,0.065,0.482,
21877.616,137461.117,0.002,-53.6,3.706,0.065,0.471,
22130.947,139052.842,0.002,-53.8,3.664,0.064,0.46,
22387.211,140662.998,0.002,-54,3.622,0.063,0.45,
22646.443,142291.798,0.002,-54.2,3.58,0.062,0.44,
22908.677,143939.46,0.002,-54.4,3.539,0.062,0.43,
23173.946,145606.2,0.002,-54.6,3.499,0.061,0.42,
23442.288,147292.24,0.002,-54.8,3.459,0.06,0.41,
23713.737,148997.804,0.002,-55,3.419,0.06,0.401,
23988.329,150723.118,0.002,-55.2,3.38,0.059,0.392,
24266.101,152468.409,0.002,-55.4,3.341,0.058,0.383,
24547.089,154233.91,0.002,-55.6,3.303,0.058,0.374,
24831.331,156019.854,0.002,-55.8,3.265,0.057,0.366,
25118.864,157826.479,0.002,-56,3.227,0.056,0.357,
25409.727,159654.024,0.002,-56.2,3.19,0.056,0.349,
25703.958,161502.73,0.002,-56.4,3.154,0.055,0.341,
26001.596,163372.844,0.001,-56.6,3.118,0.054,0.333,
26302.68,165264.612,0.001,-56.8,3.082,0.054,0.326,
26607.251,167178.286,0.001,-57,3.047,0.053,0.318,
26915.348,169114.119,0.001,-57.2,3.012,0.053,0.311,
27227.013,171072.369,0.001,-57.4,2.977,0.052,0.304,
27542.287,173053.293,0.001,-57.6,2.943,0.051,0.297,
27861.212,175057.156,0.001,-57.8,2.91,0.051,0.29,
28183.829,177084.222,0.001,-58,2.876,0.05,0.284,
28510.183,179134.761,0.001,-58.2,2.843,0.05,0.277,
28840.315,181209.044,0.001,-58.4,2.811,0.049,0.271,
29174.27,183307.345,0.001,-58.6,2.778,0.048,0.265,
29512.092,185429.945,0.001,-58.8,2.747,0.048,0.259,
29853.826,187577.122,0.001,-59,2.715,0.047,0.253,
30199.517,189749.163,0.001,-59.2,2.684,0.047,0.247,
30549.211,191946.355,0.001,-59.4,2.653,0.046,0.241,
30902.954,194168.989,0.001,-59.6,2.623,0.046,0.236,
31260.794,196417.359,0.001,-59.8,2.593,0.045,0.231,
31622.777,198691.765,0.001,-60,2.563,0.045,0.225,
31988.951,200992.508,0.001,-60.2,2.534,0.044,0.22,
32359.366,203319.891,0.001,-60.4,2.505,0.044,0.215,
32734.069,205674.224,0.001,-60.6,2.476,0.043,0.21,
33113.112,208055.82,0.001,-60.8,2.448,0.043,0.205,
33496.544,210464.993,0.001,-61,2.42,0.042,0.201,
33884.416,212902.062,0.001,-61.2,2.392,0.042,0.196,
34276.779,215367.352,0.001,-61.4,2.365,0.041,0.192,
34673.685,217861.188,0.001,-61.6,2.338,0.041,0.187,
35075.187,220383.902,0.001,-61.8,2.311,0.04,0.183,
35481.339,222935.827,0.001,-62,2.284,0.04,0.179,
35892.193,225517.303,0.001,-62.2,2.258,0.039,0.175,
36307.805,228128.67,0.001,-62.4,2.232,0.039,0.171,
36728.23,230770.275,0.001,-62.6,2.207,0.039,0.167,
37153.523,233442.469,0.001,-62.8,2.181,0.038,0.163,
37583.74,236145.606,0.001,-63,2.156,0.038,0.159,
38018.94,238880.043,0.001,-63.2,2.132,0.037,0.156,
38459.178,241646.143,0.001,-63.4,2.107,0.037,0.152,
38904.514,244444.274,0.001,-63.6,2.083,0.036,0.149,
39355.008,247274.805,0.001,-63.8,2.059,0.036,0.145,
39810.717,250138.112,0.001,-64,2.036,0.036,0.142,
40271.703,253034.575,0.001,-64.2,2.012,0.035,0.139,
40738.028,255964.578,0.001,-64.4,1.989,0.035,0.136,
41209.752,258928.508,0.001,-64.6,1.967,0.034,0.133,
41686.938,261926.759,0.001,-64.8,1.944,0.034,0.13,
42169.65,264959.727,0.001,-65,1.922,0.034,0.127,
42657.952,268027.816,0.001,-65.2,1.9,0.033,0.124,
43151.908,271131.432,0.001,-65.4,1.878,0.033,0.121,
43651.583,274270.986,0.001,-65.6,1.857,0.032,0.118,
44157.045,277446.895,0.001,-65.8,1.835,0.032,0.115,
44668.359,280659.578,0.001,-66,1.814,0.032,0.113,
45185.594,283909.463,0,-66.2,1.794,0.031,0.11,
45708.819,287196.98,0,-66.4,1.773,0.031,0.108,
46238.102,290522.564,0,-66.6,1.753,0.031,0.105,
46773.514,293886.657,0,-66.8,1.733,0.03,0.103,
47315.126,297289.704,0,-67,1.713,0.03,0.101,
47863.009,300732.156,0,-67.2,1.693,0.03,0.098,
48417.237,304214.471,0,-67.4,1.674,0.029,0.096,
48977.882,307737.108,0,-67.6,1.655,0.029,0.094,
49545.019,311300.536,0,-67.8,1.636,0.029,0.092,
50118.723,314905.226,0,-68,1.617,0.028,0.09,
50699.071,318551.657,0,-68.2,1.598,0.028,0.088,
51286.138,322240.311,0,-68.4,1.58,0.028,0.086,
51880.004,325971.678,0,-68.6,1.562,0.027,0.084,
52480.746,329746.252,0,-68.8,1.544,0.027,0.082,
53088.444,333564.534,0,-69,1.526,0.027,0.08,
53703.18,337427.029,0,-69.2,1.509,0.026,0.078,
54325.033,341334.25,0,-69.4,1.492,0.026,0.076,
54954.087,345286.714,0,-69.6,1.475,0.026,0.075,
55590.426,349284.946,0,-69.8,1.458,0.025,0.073,
56234.133,353329.475,0,-70,1.441,0.025,0.071,
56885.293,357420.838,0,-70.2,1.425,0.025,0.07,
57543.994,361559.576,0,-70.4,1.408,0.025,0.068,
58210.322,365746.239,0,-70.6,1.392,0.024,0.066,
58884.366,369981.38,0,-70.8,1.376,0.024,0.065,
59566.214,374265.563,0,-71,1.36,0.024,0.063,
60255.959,378599.354,0,-71.2,1.345,0.023,0.062,
60953.69,382983.328,0,-71.4,1.329,0.023,0.061,
61659.5,387418.066,0,-71.6,1.314,0.023,0.059,
62373.484,391904.155,0,-71.8,1.299,0.023,0.058,
63095.734,396442.192,0,-72,1.284,0.022,0.057,
63826.349,401032.776,0,-72.2,1.27,0.022,0.055,
64565.423,405676.517,0,-72.4,1.255,0.022,0.054,
65313.055,410374.029,0,-72.6,1.241,0.022,0.053,
66069.345,415125.937,0,-72.8,1.226,0.021,0.052,
66834.392,419932.868,0,-73,1.212,0.021,0.05,
67608.298,424795.462,0,-73.2,1.199,0.021,0.049,
68391.165,429714.361,0,-73.4,1.185,0.021,0.048,
69183.097,434690.219,0,-73.6,1.171,0.02,0.047,
69984.2,439723.695,0,-73.8,1.158,0.02,0.046,
70794.578,444815.455,0,-74,1.145,0.02,0.045,
71614.341,449966.175,0,-74.2,1.132,0.02,0.044,
72443.596,455176.538,0,-74.4,1.119,0.02,0.043,
73282.453,460447.234,0,-74.6,1.106,0.019,0.042,
74131.024,465778.962,0,-74.8,1.093,0.019,0.041,
74989.421,471172.428,0,-75,1.081,0.019,0.04,
75857.758,476628.347,0,-75.2,1.068,0.019,0.039,
76736.149,482147.444,0,-75.4,1.056,0.018,0.038,
77624.712,487730.448,0,-75.6,1.044,0.018,0.037,
78523.563,493378.1,0,-75.8,1.032,0.018,0.037,
79432.823,499091.149,0,-76,1.02,0.018,0.036,
80352.612,504870.352,0,-76.2,1.008,0.018,0.035,
81283.052,510716.476,0,-76.4,0.997,0.017,0.034,
82224.265,516630.294,0,-76.6,0.985,0.017,0.033,
83176.377,522612.591,0,-76.8,0.974,0.017,0.033,
84139.514,528664.159,0,-77,0.963,0.017,0.032,
85113.804,534785.802,0,-77.2,0.952,0.017,0.031,
86099.375,540978.329,0,-77.4,0.941,0.016,0.03,
87096.359,547242.563,0,-77.6,0.93,0.016,0.03,
88104.887,553579.333,0,-77.8,0.92,0.016,0.029,
89125.094,559989.48,0,-78,0.909,0.016,0.028,
90157.114,566473.853,0,-78.2,0.899,0.016,0.028,
91201.084,573033.311,0,-78.4,0.888,0.016,0.027,
92257.143,579668.724,0,-78.6,0.878,0.015,0.026,
93325.43,586380.971,0,-78.8,0.868,0.015,0.026,
94406.088,593170.943,0,-79,0.858,0.015,0.025,
95499.259,600039.538,0,-79.2,0.848,0.015,0.025,
96605.088,606987.669,0,-79.4,0.839,0.015,0.024,
97723.722,614016.255,0,-79.6,0.829,0.014,0.024,
98855.309,621126.228,0,-79.8,0.82,0.014,0.023,
100000,628318.531,0,-80,0.81,0.014,0.023,
101157.945,635594.116,0,-80.2,0.801,0.014,0.022,
102329.299,642953.949,0,-80.4,0.792,0.014,0.021,
103514.217,650399.005,0,-80.6,0.783,0.014,0.021,
104712.855,657930.271,0,-80.8,0.774,0.014,0.021,
105925.373,665548.744,0,-81,0.765,0.013,0.02,
107151.931,673255.436,0,-81.2,0.756,0.013,0.02,
108392.691,681051.366,0,-81.4,0.748,0.013,0.019,
109647.82,688937.569,0,-81.6,0.739,0.013,0.019,
110917.482,696915.09,0,-81.8,0.731,0.013,0.018,
112201.845,704984.987,0,-82,0.722,0.013,0.018,
113501.082,713148.328,0,-82.2,0.714,0.012,0.017,
114815.362,721406.196,0,-82.4,0.706,0.012,0.017,
116144.861,729759.687,0,-82.6,0.698,0.012,0.017,
117489.755,738209.905,0,-82.8,0.69,0.012,0.016,
118850.223,746757.973,0,-83,0.682,0.012,0.016,
120226.443,755405.023,0,-83.2,0.674,0.012,0.016,
121618.6,764152.201,0,-83.4,0.666,0.012,0.015,
123026.877,773000.666,0,-83.6,0.659,0.011,0.015,
124451.461,781951.592,0,-83.8,0.651,0.011,0.015,
125892.541,791006.165,0,-84,0.644,0.011,0.014,
127350.308,800165.585,0,-84.2,0.636,0.011,0.014,
128824.955,809431.066,0,-84.4,0.629,0.011,0.014,
130316.678,818803.836,0,-84.6,0.622,0.011,0.013,
131825.674,828285.137,0,-84.8,0.615,0.011,0.013,
133352.143,837876.227,0,-85,0.608,0.011,0.013,
134896.288,847578.376,0,-85.2,0.601,0.01,0.012,
136458.314,857392.871,0,-85.4,0.594,0.01,0.012,
138038.426,867321.013,0,-85.6,0.587,0.01,0.012,
139636.836,877364.117,0,-85.8,0.58,0.01,0.012,
141253.754,887523.515,0,-86,0.574,0.01,0.011,
142889.396,897800.553,0,-86.2,0.567,0.01,0.011,
144543.977,908196.593,0,-86.4,0.561,0.01,0.011,
146217.717,918713.014,0,-86.6,0.554,0.01,0.011,
147910.839,929351.209,0,-86.8,0.548,0.01,0.01,
149623.566,940112.589,0,-87,0.542,0.009,0.01,
151356.125,950998.58,0,-87.2,0.535,0.009,0.01,
153108.746,962010.624,0,-87.4,0.529,0.009,0.01,
154881.662,973150.182,0,-87.6,0.523,0.009,0.009,
156675.107,984418.73,0,-87.8,0.517,0.009,0.009,
158489.319,995817.762,0,-88,0.511,0.009,0.009,
160324.539,1007348.788,0,-88.2,0.505,0.009,0.009,
162181.01,1019013.337,0,-88.4,0.5,0.009,0.009,
164058.977,1030812.956,0,-88.6,0.494,0.009,0.008,
165958.691,1042749.207,0,-88.8,0.488,0.009,0.008,
167880.402,1054823.674,0,-89,0.483,0.008,0.008,
169824.365,1067037.957,0,-89.2,0.477,0.008,0.008,
171790.839,1079393.674,0,-89.4,0.472,0.008,0.008,
173780.083,1091892.463,0,-89.6,0.466,0.008,0.007,
175792.361,1104535.982,0,-89.8,0.461,0.008,0.007,
177827.941,1117325.906,0,-90,0.456,0.008,0.007,
179887.092,1130263.93,0,-90.2,0.45,0.008,0.007,
181970.086,1143351.77,0,-90.4,0.445,0.008,0.007,
184077.2,1156591.159,0,-90.6,0.44,0.008,0.007,
186208.714,1169983.854,0,-90.8,0.435,0.008,0.006,
188364.909,1183531.628,0,-91,0.43,0.008,0.006,
190546.072,1197236.279,0,-91.2,0.425,0.007,0.006,
192752.491,1211099.621,0,-91.4,0.42,0.007,0.006,
194984.46,1225123.494,0,-91.6,0.416,0.007,0.006,
197242.274,1239309.756,0,-91.8,0.411,0.007,0.006,
199526.231,1253660.286,0,-92,0.406,0.007,0.006,
201836.636,1268176.988,0,-92.2,0.401,0.007,0.006,
204173.794,1282861.786,0,-92.4,0.397,0.007,0.005,
206538.016,1297716.625,0,-92.6,0.392,0.007,0.005,
208929.613,1312743.475,0,-92.8,0.388,0.007,0.005,
211348.904,1327944.328,0,-93,0.383,0.007,0.005,
213796.209,1343321.199,0,-93.2,0.379,0.007,0.005,
216271.852,1358876.125,0,-93.4,0.375,0.007,0.005,
218776.162,1374611.169,0,-93.6,0.37,0.006,0.005,
221309.471,1390528.416,0,-93.8,0.366,0.006,0.005,
223872.114,1406629.976,0,-94,0.362,0.006,0.004,
226464.431,1422917.984,0,-94.2,0.358,0.006,0.004,
229086.765,1439394.598,0,-94.4,0.354,0.006,0.004,
231739.465,1456062.002,0,-94.6,0.35,0.006,0.004,
234422.882,1472922.405,0,-94.8,0.346,0.006,0.004,
237137.371,1489978.043,0,-95,0.342,0.006,0.004,
239883.292,1507231.175,0,-95.2,0.338,0.006,0.004,
242661.01,1524684.09,0,-95.4,0.334,0.006,0.004,
245470.892,1542339.099,0,-95.6,0.33,0.006,0.004,
248313.311,1560198.544,0,-95.8,0.326,0.006,0.004,
251188.643,1578264.792,0,-96,0.323,0.006,0.004,
254097.271,1596540.237,0,-96.2,0.319,0.006,0.003,
257039.578,1615027.302,0,-96.4,0.315,0.006,0.003,
260015.956,1633728.436,0,-96.6,0.312,0.005,0.003,
263026.799,1652646.12,0,-96.8,0.308,0.005,0.003,
266072.506,1671782.86,0,-97,0.305,0.005,0.003,
269153.48,1691141.193,0,-97.2,0.301,0.005,0.003,
272270.131,1710723.685,0,-97.4,0.298,0.005,0.003,
275422.87,1730532.932,0,-97.6,0.294,0.005,0.003,
278612.117,1750571.559,0,-97.8,0.291,0.005,0.003,
281838.293,1770842.222,0,-98,0.287,0.005,0.003,
285101.827,1791347.609,0,-98.2,0.284,0.005,0.003,
288403.15,1812090.437,0,-98.4,0.281,0.005,0.003,
291742.701,1833073.455,0,-98.6,0.278,0.005,0.003,
295120.923,1854299.445,0,-98.8,0.275,0.005,0.003,
298538.262,1875771.221,0,-99,0.271,0.005,0.003,
301995.172,1897491.628,0,-99.2,0.268,0.005,0.002,
305492.111,1919463.545,0,-99.4,0.265,0.005,0.002,
309029.543,1941689.886,0,-99.6,0.262,0.005,0.002,
312607.937,1964173.595,0,-99.8,0.259,0.005,0.002,
316227.766,1986917.653,0,-100,0.256,0.004,0.002,
319889.511,2009925.075,0,-100.2,0.253,0.004,0.002,
323593.657,2033198.911,0,-100.4,0.25,0.004,0.002,
327340.695,2056742.245,0,-100.6,0.248,0.004,0.002,
331131.121,2080558.197,0,-100.8,0.245,0.004,0.002,
334965.439,2104649.926,0,-101,0.242,0.004,0.002,
338844.156,2129020.623,0,-101.2,0.239,0.004,0.002,
342767.787,2153673.52,0,-101.4,0.236,0.004,0.002,
346736.85,2178611.884,0,-101.6,0.234,0.004,0.002,
350751.874,2203839.021,0,-101.8,0.231,0.004,0.002,
354813.389,2229358.274,0,-102,0.228,0.004,0.002,
358921.935,2255173.026,0,-102.2,0.226,0.004,0.002,
363078.055,2281286.699,0,-102.4,0.223,0.004,0.002,
367282.3,2307702.754,0,-102.6,0.221,0.004,0.002,
371535.229,2334424.693,0,-102.8,0.218,0.004,0.002,
375837.404,2361456.057,0,-103,0.216,0.004,0.002,
380189.396,2388800.429,0,-103.2,0.213,0.004,0.002,
384591.782,2416461.434,0,-103.4,0.211,0.004,0.002,
389045.145,2444442.739,0,-103.6,0.208,0.004,0.001,
393550.075,2472748.052,0,-103.8,0.206,0.004,0.001,
398107.171,2501381.125,0,-104,0.204,0.004,0.001,
402717.034,2530345.753,0,-104.2,0.201,0.004,0.001,
407380.278,2559645.776,0,-104.4,0.199,0.003,0.001,
412097.519,2589285.077,0,-104.6,0.197,0.003,0.001,
416869.383,2619267.585,0,-104.8,0.194,0.003,0.001,
421696.503,2649597.274,0,-105,0.192,0.003,0.001,
426579.519,2680278.165,0,-105.2,0.19,0.003,0.001,
431519.077,2711314.323,0,-105.4,0.188,0.003,0.001,
436515.832,2742709.863,0,-105.6,0.186,0.003,0.001,
441570.447,2774468.947,0,-105.8,0.183,0.003,0.001,
446683.592,2806595.783,0,-106,0.181,0.003,0.001,
451855.944,2839094.631,0,-106.2,0.179,0.003,0.001,
457088.19,2871969.797,0,-106.4,0.177,0.003,0.001,
462381.021,2905225.64,0,-106.6,0.175,0.003,0.001,
467735.141,2938866.567,0,-106.8,0.173,0.003,0.001,
473151.259,2972897.038,0,-107,0.171,0.003,0.001,
478630.092,3007321.564,0,-107.2,0.169,0.003,0.001,
484172.368,3042144.706,0,-107.4,0.167,0.003,0.001,
489778.819,3077371.082,0,-107.6,0.165,0.003,0.001,
495450.191,3113005.359,0,-107.8,0.164,0.003,0.001,
501187.234,3149052.262,0,-108,0.162,0.003,0.001,
506990.708,3185516.569,0,-108.2,0.16,0.003,0.001,
512861.384,3222403.113,0,-108.4,0.158,0.003,0.001,
518800.039,3259716.782,0,-108.6,0.156,0.003,0.001,
524807.46,3297462.523,0,-108.8,0.154,0.003,0.001,
530884.444,3335645.34,0,-109,0.153,0.003,0.001,
537031.796,3374270.292,0,-109.2,0.151,0.003,0.001,
543250.331,3413342.501,0,-109.4,0.149,0.003,0.001,
549540.874,3452867.144,0,-109.6,0.147,0.003,0.001,
555904.257,3492849.461,0,-109.8,0.146,0.003,0.001,
562341.325,3533294.752,0,-110,0.144,0.003,0.001,
568852.931,3574208.377,0,-110.2,0.142,0.002,0.001,
575439.937,3615595.759,0,-110.4,0.141,0.002,0.001,
582103.218,3657462.385,0,-110.6,0.139,0.002,0.001,
588843.655,3699813.804,0,-110.8,0.138,0.002,0.001,
595662.144,3742655.628,0,-111,0.136,0.002,0.001,
602559.586,3785993.538,0,-111.2,0.134,0.002,0.001,
609536.897,3829833.277,0,-111.4,0.133,0.002,0.001,
616595.002,3874180.656,0,-111.6,0.131,0.002,0.001,
623734.835,3919041.554,0,-111.8,0.13,0.002,0.001,
630957.344,3964421.916,0,-112,0.128,0.002,0.001,
638263.486,4010327.759,0,-112.2,0.127,0.002,0.001,
645654.229,4056765.165,0,-112.4,0.125,0.002,0.001,
653130.553,4103740.292,0,-112.6,0.124,0.002,0.001,
660693.448,4151259.365,0,-112.8,0.123,0.002,0.001,
668343.918,4199328.683,0,-113,0.121,0.002,0.001,
676082.975,4247954.617,0,-113.2,0.12,0.002,0,
683911.647,4297143.614,0,-113.4,0.118,0.002,0,
691830.971,4346902.192,0,-113.6,0.117,0.002,0,
699841.996,4397236.947,0,-113.8,0.116,0.002,0,
707945.784,4448154.551,0,-114,0.114,0.002,0,
716143.41,4499661.753,0,-114.2,0.113,0.002,0,
724435.96,4551765.38,0,-114.4,0.112,0.002,0,
732824.533,4604472.339,0,-114.6,0.111,0.002,0,
741310.241,4657789.616,0,-114.8,0.109,0.002,0,
749894.209,4711724.278,0,-115,0.108,0.002,0,
758577.575,4766283.474,0,-115.2,0.107,0.002,0,
767361.489,4821474.435,0,-115.4,0.106,0.002,0,
776247.117,4877304.478,0,-115.6,0.104,0.002,0,
785235.635,4933781.002,0,-115.8,0.103,0.002,0,
794328.235,4990911.493,0,-116,0.102,0.002,0,
803526.122,5048703.525,0,-116.2,0.101,0.002,0,
812830.516,5107164.756,0,-116.4,0.1,0.002,0,
822242.65,5166302.937,0,-116.6,0.099,0.002,0,
831763.771,5226125.906,0,-116.8,0.097,0.002,0,
841395.142,5286641.592,0,-117,0.096,0.002,0,
851138.038,5347858.016,0,-117.2,0.095,0.002,0,
860993.752,5409783.293,0,-117.4,0.094,0.002,0,
870963.59,5472425.632,0,-117.6,0.093,0.002,0,
881048.873,5535793.334,0,-117.8,0.092,0.002,0,
891250.938,5599894.799,0,-118,0.091,0.002,0,
901571.138,5664738.525,0,-118.2,0.09,0.002,0,
912010.839,5730333.106,0,-118.4,0.089,0.002,0,
922571.427,5796687.236,0,-118.6,0.088,0.002,0,
933254.301,5863809.711,0,-118.8,0.087,0.002,0,
944060.876,5931709.427,0,-119,0.086,0.001,0,
954992.586,6000395.385,0,-119.2,0.085,0.001,0,
966050.879,6069876.689,0,-119.4,0.084,0.001,0,
977237.221,6140162.548,0,-119.6,0.083,0.001,0,
988553.095,6211262.28,0,-119.8,0.082,0.001,0,
